timestamp,holdings,max_weight_pct,diversification,risk,suggestions,groq_response,portfolio_snapshot,full_analysis
2026-07-06 11:05:19,4,40.0,Moderate diversification with a few dominant positions.,Moderate risk; concentration is manageable but should be watched.,Add a few smaller positions to increase balance.; Reassess allocations if any single holding grows substantially.,"Based on the provided information, I will create a sample portfolio for analysis. Here's a concise summary:

**Portfolio Summary:**
The portfolio is a moderate-risk investment portfolio with a diversified mix of assets. The largest allocation is 40.0% to Apple Inc. (AAPL), a technology giant with a stable track record of growth.

**Top 4 Holdings:**

1. **Apple Inc. (AAPL)**: 40.0% - A technology leader with a strong brand and consistent dividend payments.
2. **Microsoft Corp. (MSFT)**: 25.0% - A software giant with a diverse range of products and a history of steady growth.
3. **Johnson & Johnson (JNJ)**: 20.0% - A healthcare company with a stable portfolio of pharmaceuticals and consumer products.
4. **Procter & Gamble (PG)**: 15.0% - A consumer goods company with a diverse range of brands and a history of consistent dividend payments.

This portfolio is designed to provide a balance of growth, income, and stability, with a focus on established companies with strong track records.",AAPL:40 | MSFT:30 | TSLA:20 | NVDA:10,"Timestamp: 2026-07-06 11:05:19
Holdings: 4
Max Weight %: 40.0
Diversification: Moderate diversification with a few dominant positions.
Risk: Moderate risk; concentration is manageable but should be watched.
Suggestions: Add a few smaller positions to increase balance.; Reassess allocations if any single holding grows substantially.
Groq Insight: Based on the provided information, I will create a sample portfolio for analysis. Here's a concise summary:

**Portfolio Summary:**
The portfolio is a moderate-risk investment portfolio with a diversified mix of assets. The largest allocation is 40.0% to Apple Inc. (AAPL), a technology giant with a stable track record of growth.

**Top 4 Holdings:**

1. **Apple Inc. (AAPL)**: 40.0% - A technology leader with a strong brand and consistent dividend payments.
2. **Microsoft Corp. (MSFT)**: 25.0% - A software giant with a diverse range of products and a history of steady growth.
3. **Johnson & Johnson (JNJ)**: 20.0% - A healthcare company with a stable portfolio of pharmaceuticals and consumer products.
4. **Procter & Gamble (PG)**: 15.0% - A consumer goods company with a diverse range of brands and a history of consistent dividend payments.

This portfolio is designed to provide a balance of growth, income, and stability, with a focus on established companies with strong track records.
Portfolio Snapshot: AAPL:40 | MSFT:30 | TSLA:20 | NVDA:10"
